CUSIP,subgroup,document_name,pdf_url,period_date,posted_date,CREDIT
04048RXF,,Official Statement - FINAL OS (6.6 MB),https://emma.msrb.org/P11750439-P11345621-P11781480.pdf,,05/01/2024,ARIZONA STATE UNIVERSITY
04048RXF,Capital or Other Financing Plan,Arizona State University Planned Financings dated 03/27/2025 (67 KB),https://emma.msrb.org/P11834333-P11405869-P11847803.pdf,03/27/2025,03/27/2025,ARIZONA STATE UNIVERSITY
04048RXF,,Annual Financial Disclosures Posted 01/17/2025 for the year ended 06/30/2024 (160 KB),https://emma.msrb.org/P11817706-P11393124-P11833482.pdf,,Details,ARIZONA STATE UNIVERSITY
04048RXF,,Audited Financial Statements Posted 01/17/2025 for the year ended 06/30/2024 (4.1 MB),https://emma.msrb.org/P11817687-P11393113-P11833470.pdf,,Details,ARIZONA STATE UNIVERSITY
04048RXF,Annual Financial Information and Operating Data,FY 2024 Arizona State University Continuing Disclosure Undertaking for the year ended 06/30/2024 (160 KB),https://emma.msrb.org/P11817706-P11393124-P11833482.pdf,06/30/2024,01/17/2025,ARIZONA STATE UNIVERSITY
04048RXF,Audited Financial Statements or ACFR,FY 2024 Arizona State University Annual Comprehensive Financial Report for the year ended 06/30/2024 (4.1 MB),https://emma.msrb.org/P11817687-P11393113-P11833470.pdf,06/30/2024,01/17/2025,ARIZONA STATE UNIVERSITY
45204FNM,,Official Statement - OS (1.5 MB),https://emma.msrb.org/P21756276-P11188384-P11605967.pdf,,10/20/2021,BRADLEY UNIVERSITY
45204FNM,Financial Obligation - Incurrence or Agreement,Financial Obligation - Incurrence or Agreement - Line of Credit as of 07/12/2024 (561 KB),https://emma.msrb.org/P21828341-P21401407-P21843128.pdf,07/12/2024,07/21/2024,BRADLEY UNIVERSITY
45204FNM,Financial Obligation - Event Reflecting Financial Difficulties,Financial Obligation - Event Reflecting Financial Difficulties - Amendment to Continuing Covenant Agreement as of 01/17/2024 (395 KB),https://emma.msrb.org/P11725949-P11326616-P11760297.pdf,01/17/2024,01/22/2024,BRADLEY UNIVERSITY
45204FNM,Financial Obligation - Event Reflecting Financial Difficulties,Financial Obligation - Event Reflecting Financial Difficulties - Covenant Waiver as of 09/14/2023 (83 KB),https://emma.msrb.org/P11699573-P11306888-P11738133.pdf,09/14/2023,09/24/2023,BRADLEY UNIVERSITY
45204FNM,"Successor, Additional or Change in Trustee","Successor, Additional or Change in Trustee - US Bank (77 KB)",https://emma.msrb.org/P11561917-P11205815-P11625024.pdf,,02/11/2022,BRADLEY UNIVERSITY
45204FNM,,Audited Financial Statements Posted 11/26/2024 for the year ended 05/31/2024 (541 KB),https://emma.msrb.org/P21862076-P21425162-P21869108.pdf,,Details,BRADLEY UNIVERSITY
45204FNM,,Annual Financial Disclosures Posted 11/26/2024 for the year ended 05/31/2024 (227 KB),https://emma.msrb.org/P21862068-P21425154-P21869099.pdf,,Details,BRADLEY UNIVERSITY
45204FNM,,Interim Financial Disclosures Posted 11/11/2021 (1.4 MB),https://emma.msrb.org/P21510290-P21168373-P21583866.pdf,,Details,BRADLEY UNIVERSITY
45204FNM,Audited Financial Statements or ACFR,Audited Financial Statements or ACFR (Rule 15c2-12) for FY24 for the year ended 05/31/2024 (541 KB),https://emma.msrb.org/P21862076-P21425162-P21869108.pdf,05/31/2024,11/26/2024,BRADLEY UNIVERSITY
45204FNM,Audited Financial Statements or ACFR,Audited Financial Statements or ACFR (Rule 15c2-12) for FY23 for the year ended 05/31/2023 (498 KB),https://emma.msrb.org/P21742965-P21338502-P21772914.pdf,05/31/2023,11/01/2023,BRADLEY UNIVERSITY
45204FNM,Audited Financial Statements or ACFR,Audited Financial Statements or ACFR (Rule 15c2-12) for FY22 for the year ended 05/31/2022 (483 KB),https://emma.msrb.org/P21638137-P21261151-P21687068.pdf,05/31/2022,11/26/2022,BRADLEY UNIVERSITY
45204FNM,Annual Financial Information and Operating Data,Annual Financial Information and Operating Data (Rule 15c2-12) for FY24 for the year ended 05/31/2024 (227 KB),https://emma.msrb.org/P21862068-P21425154-P21869099.pdf,05/31/2024,11/26/2024,BRADLEY UNIVERSITY
45204FNM,Annual Financial Information and Operating Data,Annual Financial Information and Operating Data (Rule 15c2-12) for FY23 for the year ended 05/31/2023 (230 KB),https://emma.msrb.org/P21742960-P21338497-P21772908.pdf,05/31/2023,11/01/2023,BRADLEY UNIVERSITY
45204FNM,Annual Financial Information and Operating Data,Annual Financial Information and Operating Data (Rule 15c2-12) for FY22 for the year ended 05/31/2022 (229 KB),https://emma.msrb.org/P21638138-P21261152-P21687069.pdf,05/31/2022,11/26/2022,BRADLEY UNIVERSITY
13077C3T,,Official Statement - CAStateUniv01a-FIN[1].pdf (1.8 MB),https://emma.msrb.org/ES780015-ES613446-ES1009158.pdf,,04/11/2016,CALIFORNIA STATE UNIVERSITY
13077C3T,Financial Obligation - Incurrence or Agreement,CSU Material Event Notice New CP Program as of 03/05/2025 (7.6 MB),https://emma.msrb.org/P21909794-P21460288-P21909018.pdf,03/05/2025,03/11/2025,CALIFORNIA STATE UNIVERSITY
13077C3T,Other Event-based Disclosures,CSU Material Event Notice New CP Program dated 03/11/2025 (7.6 MB),https://emma.msrb.org/P21909794-P21460288-P21909018.pdf,03/11/2025,03/11/2025,CALIFORNIA STATE UNIVERSITY
13077C3T,Other Event-based Disclosures,Voluntary Notice - California State University - Integration of Maritime Academy and San Luis Obispo Campuses dated 12/04/2024 (162 KB),https://emma.msrb.org/P21868862-P21428642-P21872944.pdf,12/04/2024,12/04/2024,CALIFORNIA STATE UNIVERSITY
13077C3T,Other Event-based Disclosures,Voluntary Notice - California State University - New Chancellor Announced dated 07/14/2023 (106 KB),https://emma.msrb.org/P11684714-P11296240-P11726544.pdf,07/14/2023,07/14/2023,CALIFORNIA STATE UNIVERSITY
13077C3T,Other Event-based Disclosures,CSU - Voluntary Notice Escrow agreement pertaining to 2014A Bond defeasance 4-6-21 dated 06/09/2022 (499 KB),https://emma.msrb.org/P21580535-P21220057-P21641818.pdf,06/09/2022,06/09/2022,CALIFORNIA STATE UNIVERSITY
13077C3T,Other Event-based Disclosures,CSU - Voluntary Notice Interim Chancellor dated 05/10/2022 (109 KB),https://emma.msrb.org/P11597460-P11232536-P11654971.pdf,05/10/2022,05/10/2022,CALIFORNIA STATE UNIVERSITY
13077C3T,Other Event-based Disclosures,CSU - Voluntary Notice Chancellor Resignation dated 02/24/2022 (95 KB),https://emma.msrb.org/P11570575-P11212515-P11632829.pdf,02/24/2022,02/24/2022,CALIFORNIA STATE UNIVERSITY
13077C3T,Annual Financial Information and Operating Data,FINAL - CSU Trustees Annual Disclosure Rept for FY 6-30-24 for the year ended 06/30/2024 Document1 (308 KB),https://emma.msrb.org/P21878315-P21436983-P21882690.pdf,06/30/2024,12/24/2024,CALIFORNIA STATE UNIVERSITY
13077C3T,Annual Financial Information and Operating Data,FINAL - CSU Trustees Annual Disclosure Rept for FY 6-30-24 for the year ended 06/30/2024 Document2 (15.6 MB),https://emma.msrb.org/P21878315-P21436983-P21882691.pdf,06/30/2024,12/24/2024,CALIFORNIA STATE UNIVERSITY
13077C3T,Annual Financial Information and Operating Data,CSU Trustees Annual Disclosure Report for FY 6-30-24 for the year ended 06/30/2024 Document1 (298 KB),https://emma.msrb.org/P21874543-P21434010-P21879206.pdf,06/30/2024,12/19/2024,CALIFORNIA STATE UNIVERSITY
13077C3T,Annual Financial Information and Operating Data,CSU Trustees Annual Disclosure Report for FY 6-30-24 for the year ended 06/30/2024 Document2 (1.2 MB),https://emma.msrb.org/P21874543-P21434010-P21879207.pdf,06/30/2024,12/19/2024,CALIFORNIA STATE UNIVERSITY
13077C3T,Annual Financial Information and Operating Data,CSU Trustees Annual Disclosure Report for FY 6-30-23 for the year ended 06/30/2023 Document1 (699 KB),https://emma.msrb.org/P21794416-P21377353-P21816792.pdf,06/30/2023,04/03/2024,CALIFORNIA STATE UNIVERSITY
13077C3T,Annual Financial Information and Operating Data,CSU Trustees Annual Disclosure Report for FY 6-30-23 for the year ended 06/30/2023 Document2 (15.4 MB),https://emma.msrb.org/P21794416-P21377353-P21816793.pdf,06/30/2023,04/03/2024,CALIFORNIA STATE UNIVERSITY
13077C3T,Annual Financial Information and Operating Data,CSU Trustees Annual Disclosure Report for FY 6-30-23 for the year ended 06/30/2023 Document1 (304 KB),https://emma.msrb.org/P11737234-P11335424-P11770087.pdf,06/30/2023,03/22/2024,CALIFORNIA STATE UNIVERSITY
13077C3T,Annual Financial Information and Operating Data,CSU Trustees Annual Disclosure Report for FY 6-30-23 for the year ended 06/30/2023 Document2 (1.1 MB),https://emma.msrb.org/P11737234-P11335424-P11770088.pdf,06/30/2023,03/22/2024,CALIFORNIA STATE UNIVERSITY
13077C3T,Annual Financial Information and Operating Data,CSU Trustees Annual Disclosure Rept for FY 6-30-23 for the year ended 06/30/2023 Document1 (292 KB),https://emma.msrb.org/P21758374-P21349813-P21785598.pdf,06/30/2023,12/21/2023,CALIFORNIA STATE UNIVERSITY
13077C3T,Annual Financial Information and Operating Data,CSU Trustees Annual Disclosure Rept for FY 6-30-23 for the year ended 06/30/2023 Document2 (169 KB),https://emma.msrb.org/P21758374-P21349813-P21785599.pdf,06/30/2023,12/21/2023,CALIFORNIA STATE UNIVERSITY
13077C3T,Annual Financial Information and Operating Data,FINAL - CSU Trustees Annual Disclosure Rept for FY 6-30-22 for the year ended 06/30/2022 Document1 (325 KB),https://emma.msrb.org/P21682900-P21295025-P21725374.pdf,06/30/2022,03/23/2023,CALIFORNIA STATE UNIVERSITY
13077C3T,Annual Financial Information and Operating Data,FINAL - CSU Trustees Annual Disclosure Rept for FY 6-30-22 for the year ended 06/30/2022 Document2 (15 MB),https://emma.msrb.org/P21682900-P21295025-P21725375.pdf,06/30/2022,03/23/2023,CALIFORNIA STATE UNIVERSITY
13077C3T,Annual Financial Information and Operating Data,CSU Trustees Annual Disclosure Rept for FY 6-30-22 for the year ended 06/30/2022 Document1 (334 KB),https://emma.msrb.org/P11643157-P11265556-P11691974.pdf,06/30/2022,12/20/2022,CALIFORNIA STATE UNIVERSITY
13077C3T,Annual Financial Information and Operating Data,CSU Trustees Annual Disclosure Rept for FY 6-30-22 for the year ended 06/30/2022 Document2 (1.1 MB),https://emma.msrb.org/P11643157-P11265556-P11691975.pdf,06/30/2022,12/20/2022,CALIFORNIA STATE UNIVERSITY
13077C3T,Annual Financial Information and Operating Data,FINAL - CSU Trustees Annual Disclosure Rept for FY 6-30-21 for the year ended 06/30/2021 Document1 (334 KB),https://emma.msrb.org/P31437018-P31116377-P31527795.pdf,06/30/2021,06/17/2022,CALIFORNIA STATE UNIVERSITY
13077C3T,Annual Financial Information and Operating Data,FINAL - CSU Trustees Annual Disclosure Rept for FY 6-30-21 for the year ended 06/30/2021 Document2 (2.8 MB),https://emma.msrb.org/P31437018-P31116377-P31527796.pdf,06/30/2021,06/17/2022,CALIFORNIA STATE UNIVERSITY
13077C3T,Audited Financial Statements or ACFR,Exhibit 1 CSU Combined Financial Stmts 6-30-24 for the year ended 06/30/2024 (308 KB),https://emma.msrb.org/P21878315-P21436983-P21882690.pdf,06/30/2024,12/24/2024,CALIFORNIA STATE UNIVERSITY
13077C3T,Audited Financial Statements or ACFR,Exhibit 1 CSU Combined Financial Stmts 6-30-24 for the year ended 06/30/2024 (15.6 MB),https://emma.msrb.org/P21878315-P21436983-P21882691.pdf,06/30/2024,12/24/2024,CALIFORNIA STATE UNIVERSITY
13077C3T,Audited Financial Statements or ACFR,Exhibit 1 DRAFT UNAUDITED CSU Combined Financial Statements 6-30-24 for the year ended 06/30/2024 (298 KB),https://emma.msrb.org/P21874543-P21434010-P21879206.pdf,06/30/2024,12/19/2024,CALIFORNIA STATE UNIVERSITY
13077C3T,Audited Financial Statements or ACFR,Exhibit 1 DRAFT UNAUDITED CSU Combined Financial Statements 6-30-24 for the year ended 06/30/2024 (1.2 MB),https://emma.msrb.org/P21874543-P21434010-P21879207.pdf,06/30/2024,12/19/2024,CALIFORNIA STATE UNIVERSITY
13077C3T,Audited Financial Statements or ACFR,Exhibit 1 CSU Financial Statements 2022-2023 for the year ended 06/30/2023 (699 KB),https://emma.msrb.org/P21794416-P21377353-P21816792.pdf,06/30/2023,04/03/2024,CALIFORNIA STATE UNIVERSITY
13077C3T,Audited Financial Statements or ACFR,Exhibit 1 CSU Financial Statements 2022-2023 for the year ended 06/30/2023 (15.4 MB),https://emma.msrb.org/P21794416-P21377353-P21816793.pdf,06/30/2023,04/03/2024,CALIFORNIA STATE UNIVERSITY
13077C3T,Audited Financial Statements or ACFR,Exhibit 1 DRAFT UNAUDITED CSU Combined Financial Statements 6-30-23 for the year ended 06/30/2023 (304 KB),https://emma.msrb.org/P11737234-P11335424-P11770087.pdf,06/30/2023,03/22/2024,CALIFORNIA STATE UNIVERSITY
13077C3T,Audited Financial Statements or ACFR,Exhibit 1 DRAFT UNAUDITED CSU Combined Financial Statements 6-30-23 for the year ended 06/30/2023 (1.1 MB),https://emma.msrb.org/P11737234-P11335424-P11770088.pdf,06/30/2023,03/22/2024,CALIFORNIA STATE UNIVERSITY
13077C3T,Audited Financial Statements or ACFR,Exhibit 1 CSU Combined Financial Stmts 6-30-22 for the year ended 06/30/2022 (325 KB),https://emma.msrb.org/P21682900-P21295025-P21725374.pdf,06/30/2022,03/23/2023,CALIFORNIA STATE UNIVERSITY
13077C3T,Audited Financial Statements or ACFR,Exhibit 1 CSU Combined Financial Stmts 6-30-22 for the year ended 06/30/2022 (15 MB),https://emma.msrb.org/P21682900-P21295025-P21725375.pdf,06/30/2022,03/23/2023,CALIFORNIA STATE UNIVERSITY
13077C3T,Audited Financial Statements or ACFR,Exhibit 1 DRAFT UNAUDITED CSU Combined Financial Stmts 6-30-22 for the year ended 06/30/2022 (334 KB),https://emma.msrb.org/P11643157-P11265556-P11691974.pdf,06/30/2022,12/20/2022,CALIFORNIA STATE UNIVERSITY
13077C3T,Audited Financial Statements or ACFR,Exhibit 1 DRAFT UNAUDITED CSU Combined Financial Stmts 6-30-22 for the year ended 06/30/2022 (1.1 MB),https://emma.msrb.org/P11643157-P11265556-P11691975.pdf,06/30/2022,12/20/2022,CALIFORNIA STATE UNIVERSITY
13077C3T,Audited Financial Statements or ACFR,Exhibit 1 CSU Combined Financial Stmts 6-30-21 for the year ended 06/30/2021 (334 KB),https://emma.msrb.org/P31437018-P31116377-P31527795.pdf,06/30/2021,06/17/2022,CALIFORNIA STATE UNIVERSITY
13077C3T,Audited Financial Statements or ACFR,Exhibit 1 CSU Combined Financial Stmts 6-30-21 for the year ended 06/30/2021 (2.8 MB),https://emma.msrb.org/P31437018-P31116377-P31527796.pdf,06/30/2021,06/17/2022,CALIFORNIA STATE UNIVERSITY
13077C3T,Failure to Provide Annual Financial Information,Exhibit 1 Notice of Failure to File Complete Annual Report for the year ended 06/30/2023 (292 KB),https://emma.msrb.org/P21758374-P21349813-P21785598.pdf,06/30/2023,12/21/2023,CALIFORNIA STATE UNIVERSITY
13077C3T,Failure to Provide Annual Financial Information,Exhibit 1 Notice of Failure to File Complete Annual Report for the year ended 06/30/2023 (169 KB),https://emma.msrb.org/P21758374-P21349813-P21785599.pdf,06/30/2023,12/21/2023,CALIFORNIA STATE UNIVERSITY
25483VSK,,Official Statement - OS (1 MB),https://emma.msrb.org/ER1095863-ER857450-ER1258111.pdf,,11/21/2017,CATHOLIC UNIVERSITY OF AMERICA/THE
25483VSK,Rating Change,Rating Change - S&P Global dated 02/13/2025 (309 KB),https://emma.msrb.org/P21894943-P21449118-P21896608.pdf,02/13/2025,02/14/2025,CATHOLIC UNIVERSITY OF AMERICA/THE
25483VSK,Rating Change,Rating Change - Moody's Rating dated 02/12/2024 Document1 (47 KB),https://emma.msrb.org/P21894936-P21449113-P21896601.pdf,02/12/2024,02/14/2025,CATHOLIC UNIVERSITY OF AMERICA/THE
25483VSK,Rating Change,Rating Change - Moody's Rating dated 02/12/2024 Document2 (150 KB),https://emma.msrb.org/P21894936-P21449113-P21896602.pdf,02/12/2024,02/14/2025,CATHOLIC UNIVERSITY OF AMERICA/THE
25483VSK,Rating Change,"Moody's downgrades The Catholic University of America, DC to Baa1;outlook changed to stable dated 11/09/2023 Document1 (141 KB)",https://emma.msrb.org/P21747787-P21342078-P21776868.pdf,11/09/2023,11/10/2023,CATHOLIC UNIVERSITY OF AMERICA/THE
25483VSK,Rating Change,"Moody's downgrades The Catholic University of America, DC to Baa1;outlook changed to stable dated 11/09/2023 Document2 (1.2 MB)",https://emma.msrb.org/P21747787-P21342078-P21776867.pdf,11/09/2023,11/10/2023,CATHOLIC UNIVERSITY OF AMERICA/THE
25483VSK,Rating Change,S&P Global Credit Rating for the Catholic University of America dated 06/16/2023 (363 KB),https://emma.msrb.org/P31443300-P31121089-P31533015.pdf,06/16/2023,06/16/2023,CATHOLIC UNIVERSITY OF AMERICA/THE
25483VSK,Rating Change,Moody's revises The Catholic University of America's (DC) outlook to negative; affirms A3 Document1 (113 KB),https://emma.msrb.org/P21533054-P21185102-P21602849.pdf,,01/14/2022,CATHOLIC UNIVERSITY OF AMERICA/THE
25483VSK,Rating Change,Moody's revises The Catholic University of America's (DC) outlook to negative; affirms A3 Document2 (1.2 MB),https://emma.msrb.org/P21533054-P21185102-P21602850.pdf,,01/14/2022,CATHOLIC UNIVERSITY OF AMERICA/THE
25483VSK,,Audited Financial Statements Posted 09/20/2024 for the year ended 04/30/2024 (280 KB),https://emma.msrb.org/P11787859-P11371828-P11809709.pdf,,Details,CATHOLIC UNIVERSITY OF AMERICA/THE
25483VSK,,Annual Financial Disclosures Posted 09/20/2024 for the year ended 04/30/2024 (156 KB),https://emma.msrb.org/P21849198-P11371813-P21859547.pdf,,Details,CATHOLIC UNIVERSITY OF AMERICA/THE
25483VSK,Audited Financial Statements or ACFR,Audited Consolidated Financial Statements for the year ended 04/30/2024 (280 KB),https://emma.msrb.org/P11787859-P11371828-P11809709.pdf,04/30/2024,09/20/2024,CATHOLIC UNIVERSITY OF AMERICA/THE
25483VSK,Audited Financial Statements or ACFR,Audited Consolidated Financial Statements for the year ended 04/30/2023 (1.7 MB),https://emma.msrb.org/P21729107-P21328648-P21762279.pdf,04/30/2023,09/21/2023,CATHOLIC UNIVERSITY OF AMERICA/THE
25483VSK,Audited Financial Statements or ACFR,Continuing Disclosure for the year ended 04/30/2022 (157 KB),https://emma.msrb.org/P21614852-P21244349-P21668622.pdf,04/30/2022,09/23/2022,CATHOLIC UNIVERSITY OF AMERICA/THE
25483VSK,Audited Financial Statements or ACFR,Audited Consolidated Financial Statements for the year ended 04/30/2022 (495 KB),https://emma.msrb.org/P11622362-P11250321-P11674793.pdf,04/30/2022,09/17/2022,CATHOLIC UNIVERSITY OF AMERICA/THE
25483VSK,Annual Financial Information and Operating Data,Continuing Disclosure for the year ended 04/30/2024 (156 KB),https://emma.msrb.org/P21849198-P11371813-P21859547.pdf,04/30/2024,09/20/2024,CATHOLIC UNIVERSITY OF AMERICA/THE
25483VSK,Annual Financial Information and Operating Data,Continuing Disclosure for the year ended 04/30/2023 (157 KB),https://emma.msrb.org/P11700686-P11307720-P11739083.pdf,04/30/2023,09/26/2023,CATHOLIC UNIVERSITY OF AMERICA/THE
65000BW3,,Official Statement - FINAL OFFICIAL STATEMENT (2.4 MB),https://emma.msrb.org/P21799726-P21381242-P21821024.pdf,,04/16/2024,CORNELL UNIVERSITY
65000BW3,Financial Obligation - Incurrence or Agreement,DASNY Cornell University Commercial Paper Notes (Tax-Exempt) Offering Memorandum as of 04/24/2025 (915 KB),https://emma.msrb.org/P11843760-P11412426-P11855104.pdf,04/24/2025,04/24/2025,CORNELL UNIVERSITY
65000BW3,Financial Obligation - Incurrence or Agreement,Cornell University Series 2007A Taxable Commercial Paper Program as of 04/04/2025 (452 KB),https://emma.msrb.org/P21923000-P21470074-P21919864.pdf,04/04/2025,04/04/2025,CORNELL UNIVERSITY
65000BW3,Financial Obligation - Incurrence or Agreement,Revolving Credit Agreement between Cornell University and PNC Bank as of 08/16/2024 (995 KB),https://emma.msrb.org/P21837514-P21408244-P21850713.pdf,08/16/2024,08/16/2024,CORNELL UNIVERSITY
65000BW3,Financial Obligation - Incurrence or Agreement,Credit Agreement between Cornell University and U.S. Bank National Association as of 06/28/2024 (2.1 MB),https://emma.msrb.org/P11763209-P11354777-P11791460.pdf,06/28/2024,06/28/2024,CORNELL UNIVERSITY
65000BW3,Other Event-based Disclosures,"Cornell University, NY Voluntary Moody's Affirmation April 2, 2025 dated 04/09/2025 (47 KB)",https://emma.msrb.org/P21924502-P21471051-P21920907.pdf,04/09/2025,04/09/2025,CORNELL UNIVERSITY
65000BW3,Other Event-based Disclosures,"Tower Innovative Learning Solutions, Inc. dissolution as of 12/20/2024 (111 KB)",https://emma.msrb.org/P21875620-P21434870-P21880207.pdf,12/20/2024,12/20/2024,CORNELL UNIVERSITY
65000BW3,,Annual Financial Disclosures Posted 11/06/2024 for the year ended 06/30/2024 (109 KB),https://emma.msrb.org/P11799657-P11380074-P11818843.pdf,,Details,CORNELL UNIVERSITY
65000BW3,,Audited Financial Statements Posted 10/24/2024 for the year ended 06/30/2024 (788 KB),https://emma.msrb.org/P21922233-P21420440-P21919270.pdf,,Details,CORNELL UNIVERSITY
65000BW3,,Interim Financial Disclosures Posted 04/25/2024 (2.4 MB),https://emma.msrb.org/P21803413-P21383956-P21824019.pdf,,Details,CORNELL UNIVERSITY
65000BW3,Annual Financial Information and Operating Data,2024 Operating Data for the year ended 06/30/2024 (109 KB),https://emma.msrb.org/P11799657-P11380074-P11818843.pdf,06/30/2024,11/06/2024,CORNELL UNIVERSITY
65000BW3,Audited Financial Statements or ACFR,2024 Audited Financial Statements for the year ended 06/30/2024 (788 KB),https://emma.msrb.org/P21922233-P21420440-P21919270.pdf,06/30/2024,10/24/2024,CORNELL UNIVERSITY
65000BW3,Other Financial / Operating Data,Incorporate OS by Reference as of 04/25/2024 (2.4 MB),https://emma.msrb.org/P21803413-P21383956-P21824019.pdf,04/25/2024,04/25/2024,CORNELL UNIVERSITY
267045PR,,Official Statement - FINAL OFFICIAL STATEMENT (3.6 MB),https://emma.msrb.org/P11538196-P11188506-P11605679.pdf,,10/20/2021,CULINARY INSTITUTE OF AMERICA/THE
267045PR,Rating Change,"Culinary Institute of America, NY Moody's Upgrade February 24, 2025 as of 02/24/2025 (45 KB)",https://emma.msrb.org/P21904995-P21456891-P21905392.pdf,02/24/2025,03/03/2025,CULINARY INSTITUTE OF AMERICA/THE
267045PR,Rating Change,"Culinary Institute of America, NY Moody's Outlook December 4, 2023 as of 12/04/2023 (144 KB)",https://emma.msrb.org/P11709110-P11313669-P11745634.pdf,12/04/2023,12/11/2023,CULINARY INSTITUTE OF AMERICA/THE
267045PR,,Annual Financial Disclosures Posted 10/02/2024 for the year ended 05/31/2024 (130 KB),https://emma.msrb.org/P11790595-P11373821-P11811978.pdf,,Details,CULINARY INSTITUTE OF AMERICA/THE
267045PR,,Audited Financial Statements Posted 09/26/2024 for the year ended 05/31/2024 (277 KB),https://emma.msrb.org/P21848477-P21415958-P21858966.pdf,,Details,CULINARY INSTITUTE OF AMERICA/THE
267045PR,,Interim Financial Disclosures Posted 11/18/2021 (3.6 MB),https://emma.msrb.org/P21515189-P21171919-P21587846.pdf,,Details,CULINARY INSTITUTE OF AMERICA/THE
267045PR,Annual Financial Information and Operating Data,2024 Annual Report - Corrected for the year ended 05/31/2024 (130 KB),https://emma.msrb.org/P11790595-P11373821-P11811978.pdf,05/31/2024,10/02/2024,CULINARY INSTITUTE OF AMERICA/THE
267045PR,Annual Financial Information and Operating Data,2024 Annual Report for the year ended 05/31/2024 (129 KB),https://emma.msrb.org/P21848480-P21415960-P21858970.pdf,05/31/2024,09/26/2024,CULINARY INSTITUTE OF AMERICA/THE
267045PR,Annual Financial Information and Operating Data,2023 Operating Data for the year ended 05/31/2023 (189 KB),https://emma.msrb.org/P11701633-P11308426-P11739849.pdf,05/31/2023,09/27/2023,CULINARY INSTITUTE OF AMERICA/THE
267045PR,Annual Financial Information and Operating Data,2022 Operating Data for the year ended 05/31/2022 (183 KB),https://emma.msrb.org/P11623287-P11250999-P11675549.pdf,05/31/2022,09/28/2022,CULINARY INSTITUTE OF AMERICA/THE
267045PR,Audited Financial Statements or ACFR,2024 Audited Financial Statements for the year ended 05/31/2024 (277 KB),https://emma.msrb.org/P21848477-P21415958-P21858966.pdf,05/31/2024,09/26/2024,CULINARY INSTITUTE OF AMERICA/THE
267045PR,Audited Financial Statements or ACFR,2023 Audited Financial Statements for the year ended 05/31/2023 (276 KB),https://emma.msrb.org/P11701624-P11308420-P11739842.pdf,05/31/2023,09/27/2023,CULINARY INSTITUTE OF AMERICA/THE
267045PR,Audited Financial Statements or ACFR,2022 Audited Financial Statements for the year ended 05/31/2022 (278 KB),https://emma.msrb.org/P11623279-P11250994-P11675544.pdf,05/31/2022,09/28/2022,CULINARY INSTITUTE OF AMERICA/THE
295435CR,,Official Statement - Erie Higher Ed Bldng Auth Rev Bds Gannon University Project Ser 2021 FOS (2.8 MB),https://emma.msrb.org/P11489013-P11153918-P11568440.pdf,,04/20/2021,GANNON UNIVERSITY
295435CR,Annual Financial Information and Operating Data,Continued Disclosures Fall 2024 for the year ended 06/30/2024 Document1 (203 KB),https://emma.msrb.org/P21859160-P21423095-P21866877.pdf,06/30/2024,10/31/2024,GANNON UNIVERSITY
295435CR,Annual Financial Information and Operating Data,Continued Disclosures Fall 2024 for the year ended 06/30/2024 Document2 (786 KB),https://emma.msrb.org/P21859160-P21423095-P21866878.pdf,06/30/2024,10/31/2024,GANNON UNIVERSITY
295435CR,Annual Financial Information and Operating Data,Continued Disclosures Fall 2023 for the year ended 10/31/2023 Document1 (203 KB),https://emma.msrb.org/P11704498-P11310532-P11742201.pdf,10/31/2023,10/27/2023,GANNON UNIVERSITY
295435CR,Annual Financial Information and Operating Data,Continued Disclosures Fall 2023 for the year ended 10/31/2023 Document2 (529 KB),https://emma.msrb.org/P11704498-P11310532-P11742202.pdf,10/31/2023,10/27/2023,GANNON UNIVERSITY
295435CR,Annual Financial Information and Operating Data,Continuing Disclosures for Fall 2022 and Fiscal Year 2022 for the year ended 06/30/2022 Document1 (169 KB),https://emma.msrb.org/P21626705-P21252790-P21677809.pdf,06/30/2022,10/27/2022,GANNON UNIVERSITY
295435CR,Annual Financial Information and Operating Data,Continuing Disclosures for Fall 2022 and Fiscal Year 2022 for the year ended 06/30/2022 Document2 (430 KB),https://emma.msrb.org/P21626705-P21252790-P21677810.pdf,06/30/2022,10/27/2022,GANNON UNIVERSITY
295435CR,Audited Financial Statements or ACFR,Audited Financial Statements for the year ended 06/30/2024 (203 KB),https://emma.msrb.org/P21859160-P21423095-P21866877.pdf,06/30/2024,10/31/2024,GANNON UNIVERSITY
295435CR,Audited Financial Statements or ACFR,Audited Financial Statements for the year ended 06/30/2024 (786 KB),https://emma.msrb.org/P21859160-P21423095-P21866878.pdf,06/30/2024,10/31/2024,GANNON UNIVERSITY
295435CR,Audited Financial Statements or ACFR,Audited Financial Statements for the year ended 06/30/2023 (203 KB),https://emma.msrb.org/P11704498-P11310532-P11742201.pdf,06/30/2023,10/27/2023,GANNON UNIVERSITY
295435CR,Audited Financial Statements or ACFR,Audited Financial Statements for the year ended 06/30/2023 (529 KB),https://emma.msrb.org/P11704498-P11310532-P11742202.pdf,06/30/2023,10/27/2023,GANNON UNIVERSITY
295435CR,Audited Financial Statements or ACFR,"Audited Financial Statements for year ended June 30, 2022 for the year ended 06/30/2022 (169 KB)",https://emma.msrb.org/P21626705-P21252790-P21677809.pdf,06/30/2022,10/27/2022,GANNON UNIVERSITY
295435CR,Audited Financial Statements or ACFR,"Audited Financial Statements for year ended June 30, 2022 for the year ended 06/30/2022 (430 KB)",https://emma.msrb.org/P21626705-P21252790-P21677810.pdf,06/30/2022,10/27/2022,GANNON UNIVERSITY
77615NAP,,Official Statement - VILLAGE OF ROMEOVILLE 2015 FOS (2 MB),https://emma.msrb.org/EP845370-EP654263-EP1055976.pdf,,03/16/2015,LEWIS UNIVERSITY
77615NAP,"Merger, Consolidation, Acquisition, and Sale of Assets",Notification of Merger between Lewis University and St. Augustine College dated 12/01/2023 (123 KB),https://emma.msrb.org/P11709019-P11313598-P11745555.pdf,12/01/2023,12/08/2023,LEWIS UNIVERSITY
77615NAP,"Merger, Consolidation, Acquisition, and Sale of Assets",Notification of Entry into Definitive Agreement dated 04/26/2023 (195 KB),https://emma.msrb.org/P11661748-P11279861-P11708524.pdf,04/26/2023,04/26/2023,LEWIS UNIVERSITY
77615NAP,,Annual Financial Disclosures Posted 01/23/2025 for the year ended 06/30/2024 (298 KB),https://emma.msrb.org/P11819634-P11394595-P11835096.pdf,,Details,LEWIS UNIVERSITY
77615NAP,,Audited Financial Statements Posted 01/23/2025 for the year ended 06/30/2024 (430 KB),https://emma.msrb.org/P11819630-P11394591-P11835092.pdf,,Details,LEWIS UNIVERSITY
77615NAP,,Interim Financial Disclosures Posted 01/26/2024 (259 KB),https://emma.msrb.org/P11729742-P11329684-P11763715.pdf,,Details,LEWIS UNIVERSITY
77615NAP,Annual Financial Information and Operating Data,Continuing Disclosure for the year ended 06/30/2024 (298 KB),https://emma.msrb.org/P11819634-P11394595-P11835096.pdf,06/30/2024,01/23/2025,LEWIS UNIVERSITY
77615NAP,Annual Financial Information and Operating Data,Continuing Disclosure Annual Report for the year ended 06/30/2022 (279 KB),https://emma.msrb.org/P21648986-P21269105-P21695951.pdf,06/30/2022,01/18/2023,LEWIS UNIVERSITY
77615NAP,Annual Financial Information and Operating Data,Audit Report for the year ended 06/30/2021 Document1 (321 KB),https://emma.msrb.org/P21530370-P21183240-P21600815.pdf,06/30/2021,01/11/2022,LEWIS UNIVERSITY
77615NAP,Annual Financial Information and Operating Data,Audit Report for the year ended 06/30/2021 Document2 (522 KB),https://emma.msrb.org/P21530370-P21183240-P21600816.pdf,06/30/2021,01/11/2022,LEWIS UNIVERSITY
77615NAP,Audited Financial Statements or ACFR,Audited Financial Statements for the year ended 06/30/2024 (430 KB),https://emma.msrb.org/P11819630-P11394591-P11835092.pdf,06/30/2024,01/23/2025,LEWIS UNIVERSITY
77615NAP,Audited Financial Statements or ACFR,Audited Report and Financial Statements for the year ended 06/30/2023 (585 KB),https://emma.msrb.org/P11729721-P11329663-P11763693.pdf,06/30/2023,01/26/2024,LEWIS UNIVERSITY
77615NAP,Audited Financial Statements or ACFR,Independent Auditor's Report and Financial Statements for the year ended 06/30/2022 (1 MB),https://emma.msrb.org/P21649006-P21269117-P21695963.pdf,06/30/2022,01/18/2023,LEWIS UNIVERSITY
77615NAP,Other Financial / Operating Data,"Continuing Disclosure Annual Report Year Ending June 30, 2023 for the year ended 06/30/2023 (259 KB)",https://emma.msrb.org/P11729742-P11329684-P11763715.pdf,06/30/2023,01/26/2024,LEWIS UNIVERSITY
594712TS,,Official Statement - FINAL OFFICAL STATEMENT (1.9 MB),https://emma.msrb.org/ER895796-ER700116-ER1101720.pdf,,06/26/2015,MICHIGAN STATE UNIVERSITY
594712TS,Capital or Other Financing Plan,VOLUNTARY NOTICE OF PROPOSED BOND ISSUE AND REFUNDING (71 KB),https://emma.msrb.org/P11845697-P11413815-P11856637.pdf,,05/05/2025,MICHIGAN STATE UNIVERSITY
594712TS,Capital or Other Financing Plan,VOLUNTARY NOTICE OF PROPOSED BOND ISSUE (124 KB),https://emma.msrb.org/P21783900-P21369546-P21808169.pdf,,02/28/2024,MICHIGAN STATE UNIVERSITY
594712TS,Capital or Other Financing Plan,VOLUNTARY NOTICE OF PROPOSED BOND ISSUE (68 KB),https://emma.msrb.org/P21542286-P21192120-P21610744.pdf,,01/31/2022,MICHIGAN STATE UNIVERSITY
594712TS,,Interim Financial Disclosures Posted 08/13/2020 (1.9 MB),https://emma.msrb.org/SS1399312-SS1086379-SS1494620.pdf,,Details,MICHIGAN STATE UNIVERSITY
594712TS,Annual Financial Information and Operating Data,Updates of Tables of Operating Information for the year ended 06/30/2024 Document1 (143 KB),https://emma.msrb.org/P21870300-P21430803-P21875438.pdf,06/30/2024,12/11/2024,MICHIGAN STATE UNIVERSITY
594712TS,Annual Financial Information and Operating Data,Updates of Tables of Operating Information for the year ended 06/30/2024 Document2 (8.4 MB),https://emma.msrb.org/P21870300-P21430803-P21875439.pdf,06/30/2024,12/11/2024,MICHIGAN STATE UNIVERSITY
594712TS,Annual Financial Information and Operating Data,Updates of Tables of Operating Information and AFS for the year ended 06/30/2023 Document1 (156 KB),https://emma.msrb.org/P21752813-P21345825-P21781061.pdf,06/30/2023,11/19/2023,MICHIGAN STATE UNIVERSITY
594712TS,Annual Financial Information and Operating Data,Updates of Tables of Operating Information and AFS for the year ended 06/30/2023 Document2 (1.1 MB),https://emma.msrb.org/P21752813-P21345825-P21781062.pdf,06/30/2023,11/19/2023,MICHIGAN STATE UNIVERSITY
594712TS,Annual Financial Information and Operating Data,Updates of Tables of Financial Information and Operating Data included in Official Statement dated June 25 2015 for the year ended 06/30/2022 Document1 (159 KB),https://emma.msrb.org/P21636626-P21260036-P21685824.pdf,06/30/2022,11/22/2022,MICHIGAN STATE UNIVERSITY
594712TS,Annual Financial Information and Operating Data,Updates of Tables of Financial Information and Operating Data included in Official Statement dated June 25 2015 for the year ended 06/30/2022 Document2 (7.4 MB),https://emma.msrb.org/P21636626-P21260036-P21685825.pdf,06/30/2022,11/22/2022,MICHIGAN STATE UNIVERSITY
594712TS,Audited Financial Statements or ACFR,AFS for the year ended 06/30/2024 (143 KB),https://emma.msrb.org/P21870300-P21430803-P21875438.pdf,06/30/2024,12/11/2024,MICHIGAN STATE UNIVERSITY
594712TS,Audited Financial Statements or ACFR,AFS for the year ended 06/30/2024 (8.4 MB),https://emma.msrb.org/P21870300-P21430803-P21875439.pdf,06/30/2024,12/11/2024,MICHIGAN STATE UNIVERSITY
594712TS,Audited Financial Statements or ACFR,Audited Financial Statement for the year ended 06/30/2022 (159 KB),https://emma.msrb.org/P21636626-P21260036-P21685824.pdf,06/30/2022,11/22/2022,MICHIGAN STATE UNIVERSITY
594712TS,Audited Financial Statements or ACFR,Audited Financial Statement for the year ended 06/30/2022 (7.4 MB),https://emma.msrb.org/P21636626-P21260036-P21685825.pdf,06/30/2022,11/22/2022,MICHIGAN STATE UNIVERSITY
424682HY,,Official Statement - Final Official Statement (990 KB),https://emma.msrb.org/ER1060246-ER830470-ER1231424.pdf,,06/09/2017,MOLLOY COLLEGE
424682HY,Audited Financial Statements or ACFR,Financial Operating Filing for the year ended 06/30/2024 Document1 (304 KB),https://emma.msrb.org/P21874771-P21434198-P21879427.pdf,06/30/2024,12/19/2024,MOLLOY COLLEGE
424682HY,Audited Financial Statements or ACFR,Financial Operating Filing for the year ended 06/30/2024 Document2 (142 KB),https://emma.msrb.org/P21874771-P21434198-P21879428.pdf,06/30/2024,12/19/2024,MOLLOY COLLEGE
424682HY,Audited Financial Statements or ACFR,Molloy University Audited Financial Statements FY22 for the year ended 06/30/2022 (134 KB),https://emma.msrb.org/P11642579-P11265095-P11691460.pdf,06/30/2022,12/19/2022,MOLLOY COLLEGE
424682HY,Audited Financial Statements or ACFR,Molloy University Audited Financial Statements FY22 for the year ended 06/30/2022 (328 KB),https://emma.msrb.org/P11642579-P11265095-P11691461.pdf,06/30/2022,12/19/2022,MOLLOY COLLEGE
424682HY,Annual Financial Information and Operating Data,Financial Operating Filing for the year ended 06/30/2023 Document1 (139 KB),https://emma.msrb.org/P11716567-P11319383-P11752191.pdf,06/30/2023,12/20/2023,MOLLOY COLLEGE
424682HY,Annual Financial Information and Operating Data,Financial Operating Filing for the year ended 06/30/2023 Document2 (315 KB),https://emma.msrb.org/P11716567-P11319383-P11752192.pdf,06/30/2023,12/20/2023,MOLLOY COLLEGE
424682HY,Annual Financial Information and Operating Data,2022 - EMMA Supporting Document for the year ended 06/30/2022 Document1 (134 KB),https://emma.msrb.org/P11642579-P11265095-P11691460.pdf,06/30/2022,12/19/2022,MOLLOY COLLEGE
424682HY,Annual Financial Information and Operating Data,2022 - EMMA Supporting Document for the year ended 06/30/2022 Document2 (328 KB),https://emma.msrb.org/P11642579-P11265095-P11691461.pdf,06/30/2022,12/19/2022,MOLLOY COLLEGE
355697CD,,"Official Statement - OS_Frederick Co., MD (Mt. St. Mary's University, Series 2017A&B (1.9 MB)",https://emma.msrb.org/ER1109301-ER867627-ER1268354.pdf,,12/13/2017,MOUNT ST MARY'S UNIVERSITY INC
355697CD,Bond Call,9.1.2024 Bond Call Notice (57 KB),https://emma.msrb.org/P21839077-P21409449-P21851856.pdf,,08/28/2024,MOUNT ST MARY'S UNIVERSITY INC
355697CD,Bond Call,Redemption Notice (64 KB),https://emma.msrb.org/P31446221-P31123386-P31535537.pdf,,08/01/2023,MOUNT ST MARY'S UNIVERSITY INC
355697CD,,Audited Financial Statements Posted 12/22/2023 for the year ended 06/30/2023 (612 KB),https://emma.msrb.org/P21758661-P21350025-P21785846.pdf,,Details,MOUNT ST MARY'S UNIVERSITY INC
355697CD,Annual Financial Information and Operating Data,Audited Annual Financials for the year ended 06/30/2024 Document1 (29.1 MB),https://emma.msrb.org/P21882506-P21434201-P21879431.pdf,06/30/2024,12/19/2024,MOUNT ST MARY'S UNIVERSITY INC
355697CD,Annual Financial Information and Operating Data,Audited Annual Financials for the year ended 06/30/2024 Document2 (5 MB),https://emma.msrb.org/P21882506-P21434201-P21886196.pdf,06/30/2024,12/19/2024,MOUNT ST MARY'S UNIVERSITY INC
355697CD,Annual Financial Information and Operating Data,Audited Annual Financials for year ended 6/30/2023 for the year ended 06/30/2023 (612 KB),https://emma.msrb.org/P21758661-P21350025-P21785846.pdf,06/30/2023,12/22/2023,MOUNT ST MARY'S UNIVERSITY INC
355697CD,Annual Financial Information and Operating Data,Audited Annual Financials for the year ended 06/30/2022 (2.3 MB),https://emma.msrb.org/P11649529-P11270600-P11697985.pdf,06/30/2022,12/29/2022,MOUNT ST MARY'S UNIVERSITY INC
355697CD,Annual Financial Information and Operating Data,REVISED Debt Service Coverage Ratio dtd 2.15.2022 for the year ended 06/30/2021 (28 KB),https://emma.msrb.org/P11566018-P11209012-P11628785.pdf,06/30/2021,02/16/2022,MOUNT ST MARY'S UNIVERSITY INC
355697CD,Audited Financial Statements or ACFR,Annual Financials for the year ended 06/30/2023 (612 KB),https://emma.msrb.org/P21758661-P21350025-P21785846.pdf,06/30/2023,12/22/2023,MOUNT ST MARY'S UNIVERSITY INC
64990C7S,,Official Statement - DASNY New York University Rev Bds 2018AB FOS (1.5 MB),https://emma.msrb.org/ES1154537-ES902823-ES1304040.pdf,,05/11/2018,NEW YORK UNIVERSITY
64990C7S,Rating Change,"New York University (NYU) Moody's Assignment May 8, 2025 as of 05/08/2025 (51 KB)",https://emma.msrb.org/P11848133-P11415535-P11858521.pdf,05/08/2025,05/09/2025,NEW YORK UNIVERSITY
64990C7S,Rating Change,"New York University (NYU) Standard & Poor's Affirmation March 25, 2024 as of 03/25/2024 (1.2 MB)",https://emma.msrb.org/P11746213-P11342654-P11778168.pdf,03/25/2024,04/01/2024,NEW YORK UNIVERSITY
64990C7S,Financial Obligation - Incurrence or Agreement,Incurrence of Financial Obligation: Capital Lease as of 05/05/2025 (641 KB),https://emma.msrb.org/P11845590-P11413744-P11856553.pdf,05/05/2025,05/05/2025,NEW YORK UNIVERSITY
64990C7S,Financial Obligation - Incurrence or Agreement,"Term Loan Agreement between NYU and Wells Fargo Bank January 31, 2025 as of 02/03/2025 (484 KB)",https://emma.msrb.org/P21887894-P21443879-P21890408.pdf,02/03/2025,02/03/2025,NEW YORK UNIVERSITY
64990C7S,Financial Obligation - Incurrence or Agreement,"Credit Agreement Ext btw NYU and JPM January 14, 2025 as of 01/14/2025 (294 KB)",https://emma.msrb.org/P11816744-P11392424-P11832698.pdf,01/14/2025,01/16/2025,NEW YORK UNIVERSITY
64990C7S,Financial Obligation - Incurrence or Agreement,"Credit Agreement btw NYU and RBC December 17, 2024 as of 12/20/2024 (1.7 MB)",https://emma.msrb.org/P21875632-P21434880-P21880219.pdf,12/20/2024,12/20/2024,NEW YORK UNIVERSITY
64990C7S,Financial Obligation - Incurrence or Agreement,"Amendment to Credit Agreement btwn NYU and Bank of America August 9, 2024 as of 08/09/2024 (1 MB)",https://emma.msrb.org/P11781763-P11367467-P11804978.pdf,08/09/2024,08/12/2024,NEW YORK UNIVERSITY
64990C7S,Financial Obligation - Incurrence or Agreement,Commercial Paper Notes 4/1/2024 as of 05/02/2024 (2 MB),https://emma.msrb.org/P11751869-P11346589-P11782521.pdf,05/02/2024,05/03/2024,NEW YORK UNIVERSITY
64990C7S,Financial Obligation - Incurrence or Agreement,Assumption of Mortgage Loan 8/30/2023 as of 09/11/2023 (106 KB),https://emma.msrb.org/P11695011-P11303518-P11734451.pdf,09/11/2023,09/11/2023,NEW YORK UNIVERSITY
64990C7S,Financial Obligation - Incurrence or Agreement,Revolving Credit Agreement 3/2/2023 as of 03/08/2023 (502 KB),https://emma.msrb.org/P21673871-P21288080-P21717640.pdf,03/08/2023,03/08/2023,NEW YORK UNIVERSITY
64990C7S,Financial Obligation - Incurrence or Agreement,Capital Lease 11/29/2022 as of 12/06/2022 (89 KB),https://emma.msrb.org/P11634433-P11259008-P11684446.pdf,12/06/2022,12/06/2022,NEW YORK UNIVERSITY
64990C7S,Financial Obligation - Incurrence or Agreement,Amended and Restated Revolving Credit Facility Agreement between New York University and JPMorgan Chase Bank June 10. 2022 as of 06/17/2022 (1.5 MB),https://emma.msrb.org/P31436840-P31116238-P31527645.pdf,06/17/2022,06/17/2022,NEW YORK UNIVERSITY
64990C7S,Financial Obligation - Incurrence or Agreement,Capital Lease 5/5/2022 as of 05/16/2022 (118 KB),https://emma.msrb.org/P11601426-P11235423-P11658284.pdf,05/16/2022,05/16/2022,NEW YORK UNIVERSITY
64990C7S,Financial Obligation - Incurrence or Agreement,Capital Lease 4/21/2022 as of 05/03/2022 (134 KB),https://emma.msrb.org/P21572725-P21214747-P21636093.pdf,05/03/2022,05/03/2022,NEW YORK UNIVERSITY
64990C7S,,Annual Financial Disclosures Posted 12/12/2024 for the year ended 06/30/2024 (323 KB),https://emma.msrb.org/P11812338-P11389226-P11829039.pdf,,Details,NEW YORK UNIVERSITY
64990C7S,,Audited Financial Statements Posted 12/12/2024 for the year ended 06/30/2024 (330 KB),https://emma.msrb.org/P11812329-P11389219-P11829032.pdf,,Details,NEW YORK UNIVERSITY
64990C7S,,Interim Financial Disclosures Posted 12/16/2022 (665 KB),https://emma.msrb.org/P11641566-P11264254-P11690493.pdf,,Details,NEW YORK UNIVERSITY
64990C7S,Annual Financial Information and Operating Data,2024 Certificate of Compliance for the year ended 06/30/2024 (323 KB),https://emma.msrb.org/P11812338-P11389226-P11829039.pdf,06/30/2024,12/12/2024,NEW YORK UNIVERSITY
64990C7S,Annual Financial Information and Operating Data,2024 Operating Data for the year ended 06/30/2024 (244 KB),https://emma.msrb.org/P11812334-P11389223-P11829036.pdf,06/30/2024,12/12/2024,NEW YORK UNIVERSITY
64990C7S,Annual Financial Information and Operating Data,2023 Certificate of Compliance for the year ended 08/31/2023 (236 KB),https://emma.msrb.org/P11717041-P11319773-P11752632.pdf,08/31/2023,12/20/2023,NEW YORK UNIVERSITY
64990C7S,Annual Financial Information and Operating Data,2023 Operating Data for the year ended 08/31/2023 (221 KB),https://emma.msrb.org/P11717036-P11319770-P11752629.pdf,08/31/2023,12/20/2023,NEW YORK UNIVERSITY
64990C7S,Annual Financial Information and Operating Data,2022 Operating Data for the year ended 08/31/2022 (423 KB),https://emma.msrb.org/P11641445-P11264158-P11690370.pdf,08/31/2022,12/16/2022,NEW YORK UNIVERSITY
64990C7S,Audited Financial Statements or ACFR,2024 Certificate of Compliance - Audit for the year ended 06/30/2024 (330 KB),https://emma.msrb.org/P11812329-P11389219-P11829032.pdf,06/30/2024,12/12/2024,NEW YORK UNIVERSITY
64990C7S,Audited Financial Statements or ACFR,2024 Consolidated Financial Statements New York University for the year ended 06/30/2024 (466 KB),https://emma.msrb.org/P11812326-P11389217-P11829030.pdf,06/30/2024,12/12/2024,NEW YORK UNIVERSITY
64990C7S,Audited Financial Statements or ACFR,2023 Certificate of Compliance - Audit for the year ended 08/31/2023 (229 KB),https://emma.msrb.org/P11717043-P11319774-P11752633.pdf,08/31/2023,12/20/2023,NEW YORK UNIVERSITY
64990C7S,Audited Financial Statements or ACFR,2023 Consolidated Financial Statements New York University for the year ended 08/31/2023 (519 KB),https://emma.msrb.org/P11717038-P11319771-P11752630.pdf,08/31/2023,12/20/2023,NEW YORK UNIVERSITY
64990C7S,Audited Financial Statements or ACFR,2022 Certificate of Compliance - Audit for the year ended 08/31/2022 (2.6 MB),https://emma.msrb.org/P11641557-P11264247-P11690485.pdf,08/31/2022,12/16/2022,NEW YORK UNIVERSITY
64990C7S,Audited Financial Statements or ACFR,2022 Consolidated Financial Statements New York University for the year ended 08/31/2022 (529 KB),https://emma.msrb.org/P11641552-P11264163-P11690375.pdf,08/31/2022,12/16/2022,NEW YORK UNIVERSITY
64990C7S,Other Financial / Operating Data,2022 Certificate of Compliance for the year ended 08/31/2022 (665 KB),https://emma.msrb.org/P11641566-P11264254-P11690493.pdf,08/31/2022,12/16/2022,NEW YORK UNIVERSITY
677632N7,,Official Statement (2.4 MB),https://emma.msrb.org/P11531739-P11184035-P11600938.pdf,,09/24/2021,OHIO STATE UNIVERSITY/THE
677632N7,Rating Change,S&P Global Ratings Rating Upgrade - the Ohio State University dated 03/17/2025 (157 KB),https://emma.msrb.org/P21913990-P21463312-P21912302.pdf,03/17/2025,03/18/2025,OHIO STATE UNIVERSITY/THE
677632N7,Rating Change,Fitch Rating Upgrade - the Ohio State University dated 01/18/2023 (186 KB),https://emma.msrb.org/P21650065-P21269002-P21695837.pdf,01/18/2023,01/18/2023,OHIO STATE UNIVERSITY/THE
677632N7,Other Event-based Disclosures,Ohio State Voluntary Notice of Consideration of Bond Issuance dated 03/10/2025 (100 KB),https://emma.msrb.org/P11828641-P11401440-P11842904.pdf,03/10/2025,03/10/2025,OHIO STATE UNIVERSITY/THE
677632N7,Other Event-based Disclosures,Voluntary Notice of Consideration of Bond Issuance dated 07/10/2024 (98 KB),https://emma.msrb.org/P11765637-P11356616-P11793513.pdf,07/10/2024,07/10/2024,OHIO STATE UNIVERSITY/THE
677632N7,Other Event-based Disclosures,Ohio State Executive VP & Provost Gilliam Departure dated 10/04/2023 (219 KB),https://emma.msrb.org/P21731541-P21330279-P21764008.pdf,10/04/2023,10/05/2023,OHIO STATE UNIVERSITY/THE
677632N7,Other Event-based Disclosures,New OSU President Appointed dated 08/29/2023 (106 KB),https://emma.msrb.org/P21724388-P21325318-P21758636.pdf,08/29/2023,08/29/2023,OHIO STATE UNIVERSITY/THE
677632N7,Other Event-based Disclosures,Ohio State Voluntary Notice of Consideration of Bond Issuance dated 08/22/2023 (107 KB),https://emma.msrb.org/P11692439-P11301745-P11732532.pdf,08/22/2023,08/22/2023,OHIO STATE UNIVERSITY/THE
677632N7,Other Event-based Disclosures,Voluntary Disclosure-Wexner Medical Center names new chief executive dated 01/13/2023 (131 KB),https://emma.msrb.org/P21647990-P21268284-P21695056.pdf,01/13/2023,01/17/2023,OHIO STATE UNIVERSITY/THE
677632N7,Other Event-based Disclosures,Voluntary Disclosure-Grant & Contract Table - Dec 2022 dated 12/20/2022 (114 KB),https://emma.msrb.org/P11643421-P11265770-P11692228.pdf,12/20/2022,12/20/2022,OHIO STATE UNIVERSITY/THE
677632N7,Other Event-based Disclosures,OSU President Johnson Transition Announcement Dec-1-2022 dated 12/01/2022 (92 KB),https://emma.msrb.org/P21640716-P21262986-P21689162.pdf,12/01/2022,12/01/2022,OHIO STATE UNIVERSITY/THE
677632N7,Tender Offer / Secondary Market Purchases,Invitation to Tender selected General Receipts Bonds (Multiyear Debt Issuance Program) Series 2016 A (Federally Taxable) (18.5 MB),https://emma.msrb.org/P21725580-P21326146-P21759551.pdf,,08/31/2023,OHIO STATE UNIVERSITY/THE
677632N7,Financial Obligation - Incurrence or Agreement,Notice of Execution of US Bank Credit Agreement as of 04/12/2023 (534 KB),https://emma.msrb.org/P21695304-P21304467-P21735708.pdf,04/12/2023,04/18/2023,OHIO STATE UNIVERSITY/THE
677632N7,,Interim Financial Disclosures Posted 05/16/2025 (576 KB),https://emma.msrb.org/P11853220-P11419154-P11862546.pdf,,Details,OHIO STATE UNIVERSITY/THE
677632N7,,Audited Financial Statements Posted 12/20/2024 for the year ended 06/30/2024 (4.4 MB),https://emma.msrb.org/P21875465-P21434744-P21880065.pdf,,Details,OHIO STATE UNIVERSITY/THE
677632N7,,Annual Financial Disclosures Posted 12/20/2024 for the year ended 06/30/2024 (577 KB),https://emma.msrb.org/P21875437-P21434721-P21880042.pdf,,Details,OHIO STATE UNIVERSITY/THE
677632N7,Quarterly / Monthly Financial Information,Quarterly Update to Bondholders for the quarter ended 03/31/2025 (576 KB),https://emma.msrb.org/P11853220-P11419154-P11862546.pdf,03/31/2025,05/16/2025,OHIO STATE UNIVERSITY/THE
677632N7,Quarterly / Monthly Financial Information,The Ohio State University Quarterly Update to Bondholders for the quarter ended 12/31/2024 (815 KB),https://emma.msrb.org/P21895110-P21449248-P21896752.pdf,12/31/2024,02/14/2025,OHIO STATE UNIVERSITY/THE
677632N7,Quarterly / Monthly Financial Information,The Ohio State University Quarterly Update to Bondholders for the quarter ended 09/30/2024 (574 KB),https://emma.msrb.org/P11798407-P11379155-P11817759.pdf,09/30/2024,11/04/2024,OHIO STATE UNIVERSITY/THE
677632N7,Quarterly / Monthly Financial Information,The Ohio State University Quarterly Update to Bondholders for the quarter ended 06/30/2024 (576 KB),https://emma.msrb.org/P11778442-P11365061-P11802469.pdf,06/30/2024,08/08/2024,OHIO STATE UNIVERSITY/THE
677632N7,Quarterly / Monthly Financial Information,The Ohio State University Quarterly Update to Bondholders for the quarter ended 03/31/2024 (577 KB),https://emma.msrb.org/P21806841-P21386456-P21826727.pdf,03/31/2024,05/09/2024,OHIO STATE UNIVERSITY/THE
677632N7,Quarterly / Monthly Financial Information,The Ohio State University Quarterly Update to Bondholders for the quarter ended 12/31/2023 (504 KB),https://emma.msrb.org/P21772356-P21360543-P21797890.pdf,12/31/2023,02/09/2024,OHIO STATE UNIVERSITY/THE
677632N7,Quarterly / Monthly Financial Information,"The Ohio State University Quarterly Update to Appendix A, for the quarter ended 09/30/2023 for the quarter ended 09/30/2023 (603 KB)",https://emma.msrb.org/P21746612-P21341239-P21775954.pdf,09/30/2023,11/09/2023,OHIO STATE UNIVERSITY/THE
677632N7,Quarterly / Monthly Financial Information,The Ohio State University Quarterly Update to Appendix A for the quarter ended 06/30/2023 (509 KB),https://emma.msrb.org/P21717412-P21320235-P21753094.pdf,06/30/2023,08/08/2023,OHIO STATE UNIVERSITY/THE
677632N7,Quarterly / Monthly Financial Information,The Ohio State University Quarterly Update to Appendix A for the quarter ended 03/31/2023 (332 KB),https://emma.msrb.org/P11663572-P11281221-P11710007.pdf,03/31/2023,04/28/2023,OHIO STATE UNIVERSITY/THE
677632N7,Quarterly / Monthly Financial Information,"The Ohio State University Quarterly Update to Appendix A, for the quarter ended 12/31/2022 for the quarter ended 12/31/2022 (513 KB)",https://emma.msrb.org/P21659246-P21276975-P21704859.pdf,12/31/2022,02/13/2023,OHIO STATE UNIVERSITY/THE
677632N7,Quarterly / Monthly Financial Information,"The Ohio State University Quarterly Update to Appendix A, for the quarter ended 09/30/2022 for the quarter ended 09/30/2022 (502 KB)",https://emma.msrb.org/P21632798-P21257248-P21682710.pdf,09/30/2022,11/08/2022,OHIO STATE UNIVERSITY/THE
677632N7,Quarterly / Monthly Financial Information,"The Ohio State University Quarterly Update to Appendix A, for the quarter ended 6/30/2022 for the quarter ended 06/30/2022 (557 KB)",https://emma.msrb.org/P21603721-P21236716-P21660109.pdf,06/30/2022,08/15/2022,OHIO STATE UNIVERSITY/THE
677632N7,Quarterly / Monthly Financial Information,"The Ohio State University Quarterly Update to Appendix A, for the quarter ended 03/31/2022 for the quarter ended 03/31/2022 (658 KB)",https://emma.msrb.org/P21573380-P21214958-P21636309.pdf,03/31/2022,05/03/2022,OHIO STATE UNIVERSITY/THE
677632N7,Quarterly / Monthly Financial Information,The Ohio State University Quarterly Update to Appendix A for the quarter ended 12/31/2021 (657 KB),https://emma.msrb.org/P21546703-P21195361-P21614432.pdf,12/31/2021,02/07/2022,OHIO STATE UNIVERSITY/THE
677632N7,Audited Financial Statements or ACFR,OSU Wexner Medical Center Audited Financial Statements (Subject to review and acceptance by the Auditor of the State of Ohio) for the year ended 06/30/2024 (4.4 MB),https://emma.msrb.org/P21875465-P21434744-P21880065.pdf,06/30/2024,12/20/2024,OHIO STATE UNIVERSITY/THE
677632N7,Audited Financial Statements or ACFR,The Ohio State University Audited Financial Statements (Subject to review and acceptance by the Auditor of the State of Ohio) for the year ended 06/30/2024 (1 MB),https://emma.msrb.org/P21875453-P21434734-P21880055.pdf,06/30/2024,12/20/2024,OHIO STATE UNIVERSITY/THE
677632N7,Audited Financial Statements or ACFR,OSU Wexner Medical Center Audited Financial Statements (Subject to review and acceptance by the Auditor of the State of Ohio) for the year ended 06/30/2023 (4.2 MB),https://emma.msrb.org/P21760374-P21351367-P21787459.pdf,06/30/2023,12/27/2023,OHIO STATE UNIVERSITY/THE
677632N7,Audited Financial Statements or ACFR,The Ohio State University Audited Financial Statements (Subject to review and acceptance by the Auditor of the State of Ohio) for the year ended 06/30/2023 (1.6 MB),https://emma.msrb.org/P21760365-P21351361-P21787453.pdf,06/30/2023,12/27/2023,OHIO STATE UNIVERSITY/THE
677632N7,Audited Financial Statements or ACFR,OSU Wexner Medical Center Audited Financial Statements (Subject to review and acceptance by the Auditor of the State of Ohio) for the year ended 06/30/2022 (924 KB),https://emma.msrb.org/P11644254-P11266450-P11693035.pdf,06/30/2022,12/21/2022,OHIO STATE UNIVERSITY/THE
677632N7,Audited Financial Statements or ACFR,The Ohio State University Audited Financial Statements (Subject to review and acceptance by the Auditor of the State of Ohio) for the year ended 06/30/2022 (4.4 MB),https://emma.msrb.org/P11644250-P11266447-P11693029.pdf,06/30/2022,12/21/2022,OHIO STATE UNIVERSITY/THE
677632N7,Annual Financial Information and Operating Data,The Ohio State University Annual Update to Bondholders for the year ended 06/30/2024 (577 KB),https://emma.msrb.org/P21875437-P21434721-P21880042.pdf,06/30/2024,12/20/2024,OHIO STATE UNIVERSITY/THE
677632N7,Annual Financial Information and Operating Data,The Ohio State University Annual Update to Appendix A for the year ended 06/30/2023 (506 KB),https://emma.msrb.org/P21760358-P21351355-P21787446.pdf,06/30/2023,12/27/2023,OHIO STATE UNIVERSITY/THE
677632N7,Annual Financial Information and Operating Data,The Ohio State University Annual Update to Appendix A for the year ended 06/30/2022 (334 KB),https://emma.msrb.org/P11644245-P11266443-P11693025.pdf,06/30/2022,12/21/2022,OHIO STATE UNIVERSITY/THE
57585BAK,,Official Statement - FINAL OS - MASSACHUSETTS DEVELOPMENT FINANCE AGENCY (HARVARD UNIVERSITY ISS (2.8 MB),https://emma.msrb.org/P21798171-P21380151-P21819840.pdf,,04/12/2024,PRESIDENT & FELLOWS OF HARVARD COLLEGE
57585BAK,Other Event-based Disclosures,Harvard Series 2025B Offering Memorandum dated 04/15/2025 (3.4 MB),https://emma.msrb.org/P11839439-P11409492-P11851795.pdf,04/15/2025,04/16/2025,PRESIDENT & FELLOWS OF HARVARD COLLEGE
57585BAK,Other Event-based Disclosures,Voluntary Notice of Potential Issuance of Bonds dated 02/20/2025 (59 KB),https://emma.msrb.org/P21898417-P21451804-P21899665.pdf,02/20/2025,02/20/2025,PRESIDENT & FELLOWS OF HARVARD COLLEGE
57585BAK,Other Event-based Disclosures,Credit Agreement dated 09/09/2024 (2.5 MB),https://emma.msrb.org/P21844885-P21413434-P21856203.pdf,09/09/2024,09/13/2024,PRESIDENT & FELLOWS OF HARVARD COLLEGE
57585BAK,,Annual Financial Disclosures Posted 02/05/2025 for the year ended 06/30/2024 (557 KB),https://emma.msrb.org/P21889042-P21444694-P21891364.pdf,,Details,PRESIDENT & FELLOWS OF HARVARD COLLEGE
57585BAK,,Audited Financial Statements Posted 12/12/2024 for the year ended 06/30/2024 (10.6 MB),https://emma.msrb.org/P11811774-P11388809-P11828578.pdf,,Details,PRESIDENT & FELLOWS OF HARVARD COLLEGE
57585BAK,Annual Financial Information and Operating Data,Harvard University Student Applications and Enrollment for the year ended 06/30/2024 (557 KB),https://emma.msrb.org/P21889042-P21444694-P21891364.pdf,06/30/2024,02/05/2025,PRESIDENT & FELLOWS OF HARVARD COLLEGE
57585BAK,Audited Financial Statements or ACFR,Harvard University Audited Financial Information for the year ended 06/30/2024 (10.6 MB),https://emma.msrb.org/P11811774-P11388809-P11828578.pdf,06/30/2024,12/12/2024,PRESIDENT & FELLOWS OF HARVARD COLLEGE
57585BAK,Audited Financial Statements or ACFR,Harvard University Financial Report for the year ended 06/30/2024 (10.6 MB),https://emma.msrb.org/P11794770-P11376640-P11815002.pdf,06/30/2024,10/18/2024,PRESIDENT & FELLOWS OF HARVARD COLLEGE
57584XYC,,Official Statement - Final OS (2.4 MB),https://emma.msrb.org/EP960672-EP740807-EP1142394.pdf,,10/11/2016,PRESIDENT AND FELLOWS OF HARVARD COLLEGE
57584XYC,Other Event-based Disclosures,Harvard Series 2025B Offering Memorandum dated 04/15/2025 (3.4 MB),https://emma.msrb.org/P11839439-P11409492-P11851795.pdf,04/15/2025,04/16/2025,PRESIDENT AND FELLOWS OF HARVARD COLLEGE
57584XYC,Other Event-based Disclosures,Voluntary Notice of Potential Issuance of Bonds dated 02/20/2025 (59 KB),https://emma.msrb.org/P21898417-P21451804-P21899665.pdf,02/20/2025,02/20/2025,PRESIDENT AND FELLOWS OF HARVARD COLLEGE
57584XYC,Other Event-based Disclosures,Credit Agreement dated 09/09/2024 (2.5 MB),https://emma.msrb.org/P21844885-P21413434-P21856203.pdf,09/09/2024,09/13/2024,PRESIDENT AND FELLOWS OF HARVARD COLLEGE
57584XYC,Other Event-based Disclosures,President and Fellows of Harvard College Taxable Bonds Series 2024A Offering Memorandum dated 03/05/2024 (2.7 MB),https://emma.msrb.org/P11735997-P11334495-P11769032.pdf,03/05/2024,03/21/2024,PRESIDENT AND FELLOWS OF HARVARD COLLEGE
57584XYC,Other Event-based Disclosures,"President and Fellows of Harvard College Taxable Bonds, Series 2022A Offering Memorandum dated 04/11/2022 (1.8 MB)",https://emma.msrb.org/P11735987-P11334485-P11769022.pdf,04/11/2022,03/21/2024,PRESIDENT AND FELLOWS OF HARVARD COLLEGE
57584XYC,Other Event-based Disclosures,Notice of Potential Issuance of Bonds dated 02/26/2024 (85 KB),https://emma.msrb.org/P21781274-P21367450-P21805752.pdf,02/26/2024,02/26/2024,PRESIDENT AND FELLOWS OF HARVARD COLLEGE
57584XYC,Other Event-based Disclosures,Harvard 2022 Deal Announcement dated 04/04/2022 (155 KB),https://emma.msrb.org/P21565263-P21209227-P21630015.pdf,04/04/2022,04/04/2022,PRESIDENT AND FELLOWS OF HARVARD COLLEGE
57584XYC,Tender Offer / Secondary Market Purchases,Final Notice of Acceptance for Invitation to Tender for President and Fellows of Harvard University Series 2016A dated 04/10/2024 (155 KB),https://emma.msrb.org/P21796881-P21379195-P21818796.pdf,04/10/2024,04/10/2024,PRESIDENT AND FELLOWS OF HARVARD COLLEGE
57584XYC,Tender Offer / Secondary Market Purchases,"PRELIMINARY INVITATION TO TENDER BONDS NOTICE OF ACCEPTANCE MASS DEV FIN AGENCY Revenue Bonds, Harvard University Issue, Series 2016A dated 04/08/2024 (157 KB)",https://emma.msrb.org/P21796057-P21378484-P21818024.pdf,04/08/2024,04/08/2024,PRESIDENT AND FELLOWS OF HARVARD COLLEGE
57584XYC,Tender Offer / Secondary Market Purchases,Harvard University Series 2024B Preliminary Official Statement (3.8 MB),https://emma.msrb.org/P11738008-P11336075-P11770827.pdf,,03/25/2024,PRESIDENT AND FELLOWS OF HARVARD COLLEGE
57584XYC,Tender Offer / Secondary Market Purchases,Invitation to Tender dated 03/22/2024 (872 KB),https://emma.msrb.org/P11736763-P11335107-P11769728.pdf,03/22/2024,03/22/2024,PRESIDENT AND FELLOWS OF HARVARD COLLEGE
57584XYC,Financial Obligation - Incurrence or Agreement,Credit Agreement as of 12/06/2022 (5.3 MB),https://emma.msrb.org/P11638252-P11261790-P11687631.pdf,12/06/2022,12/13/2022,PRESIDENT AND FELLOWS OF HARVARD COLLEGE
57584XYC,,Annual Financial Disclosures Posted 02/05/2025 for the year ended 06/30/2024 (557 KB),https://emma.msrb.org/P21889042-P21444694-P21891364.pdf,,Details,PRESIDENT AND FELLOWS OF HARVARD COLLEGE
57584XYC,,Audited Financial Statements Posted 12/12/2024 for the year ended 06/30/2024 (10.6 MB),https://emma.msrb.org/P11811774-P11388809-P11828578.pdf,,Details,PRESIDENT AND FELLOWS OF HARVARD COLLEGE
57584XYC,,Interim Financial Disclosures Posted 01/16/2019 (71 KB),https://emma.msrb.org/ES1231527-ES961817-ES1362712.pdf,,Details,PRESIDENT AND FELLOWS OF HARVARD COLLEGE
57584XYC,Annual Financial Information and Operating Data,Harvard University Student Applications and Enrollment for the year ended 06/30/2024 (557 KB),https://emma.msrb.org/P21889042-P21444694-P21891364.pdf,06/30/2024,02/05/2025,PRESIDENT AND FELLOWS OF HARVARD COLLEGE
57584XYC,Annual Financial Information and Operating Data,Harvard University Student Applications and Enrollment for the year ended 06/30/2023 (239 KB),https://emma.msrb.org/P21771561-P21360003-P21797173.pdf,06/30/2023,02/08/2024,PRESIDENT AND FELLOWS OF HARVARD COLLEGE
57584XYC,Annual Financial Information and Operating Data,Harvard University Student Applications and Enrollment for the year ended 06/30/2022 (206 KB),https://emma.msrb.org/P21643423-P21264903-P21691327.pdf,06/30/2022,01/05/2023,PRESIDENT AND FELLOWS OF HARVARD COLLEGE
57584XYC,Audited Financial Statements or ACFR,Harvard University Audited Financial Information for the year ended 06/30/2024 (10.6 MB),https://emma.msrb.org/P11811774-P11388809-P11828578.pdf,06/30/2024,12/12/2024,PRESIDENT AND FELLOWS OF HARVARD COLLEGE
57584XYC,Audited Financial Statements or ACFR,Harvard University Financial Report for the year ended 06/30/2024 (10.6 MB),https://emma.msrb.org/P11794770-P11376640-P11815002.pdf,06/30/2024,10/18/2024,PRESIDENT AND FELLOWS OF HARVARD COLLEGE
57584XYC,Audited Financial Statements or ACFR,Harvard University Financial Report for the year ended 06/30/2023 (4.3 MB),https://emma.msrb.org/P21739626-P21336015-P21770228.pdf,06/30/2023,10/26/2023,PRESIDENT AND FELLOWS OF HARVARD COLLEGE
57584XYC,Audited Financial Statements or ACFR,Harvard University Financial Report Fiscal Year 2022 for the year ended 06/30/2022 (4.3 MB),https://emma.msrb.org/P21622349-P21249630-P21674355.pdf,06/30/2022,10/18/2022,PRESIDENT AND FELLOWS OF HARVARD COLLEGE
60636ANS,,Official Statement - FINAL MO HLTH and ED FAC AUTH 2017A OS.pdf (1.2 MB),https://emma.msrb.org/ES1008769-ES790119-ES1191378.pdf,,02/13/2017,ST LOUIS UNIVERSITY/US
60636ANS,Amendment to Continuing Disclosure Undertaking,Amendment to Continuing Disclosure Undertaking dated 01/05/2024 (392 KB),https://emma.msrb.org/P11719960-P11321972-P11755214.pdf,01/05/2024,01/08/2024,ST LOUIS UNIVERSITY/US
60636ANS,Other Event-based Disclosures,LIBOR to SOFR dated 06/23/2023 (95 KB),https://emma.msrb.org/P11673672-P11288282-P11717847.pdf,06/23/2023,06/23/2023,ST LOUIS UNIVERSITY/US
60636ANS,Defeasance,Saint Louis University Series 2017A Partial Defeasance Notice dated 09/22/2022 (208 KB),https://emma.msrb.org/P21614175-P21243863-P21668104.pdf,09/22/2022,09/22/2022,ST LOUIS UNIVERSITY/US
60636ANS,,Audited Financial Statements Posted 12/11/2019 for the year ended 06/30/2019 (855 KB),https://emma.msrb.org/ES1330261-ES1037798-ES1440755.pdf,,Details,ST LOUIS UNIVERSITY/US
60636ANS,Annual Financial Information and Operating Data,Audited Financials and Operating Data for the year ended 06/30/2024 Document1 (561 KB),https://emma.msrb.org/P21874807-P21434222-P21879458.pdf,06/30/2024,12/19/2024,ST LOUIS UNIVERSITY/US
60636ANS,Annual Financial Information and Operating Data,Audited Financials and Operating Data for the year ended 06/30/2024 Document2 (174 KB),https://emma.msrb.org/P21874807-P21434222-P21879459.pdf,06/30/2024,12/19/2024,ST LOUIS UNIVERSITY/US
60636ANS,Annual Financial Information and Operating Data,Audited Financials and Operating Data for the year ended 06/30/2023 Document1 (677 KB),https://emma.msrb.org/P11716988-P11319730-P11752585.pdf,06/30/2023,12/20/2023,ST LOUIS UNIVERSITY/US
60636ANS,Annual Financial Information and Operating Data,Audited Financials and Operating Data for the year ended 06/30/2023 Document2 (173 KB),https://emma.msrb.org/P11716988-P11319730-P11752586.pdf,06/30/2023,12/20/2023,ST LOUIS UNIVERSITY/US
60636ANS,Annual Financial Information and Operating Data,Annual Audited Financials and Official Statement Updates for the year ended 06/30/2022 Document1 (177 KB),https://emma.msrb.org/P11632867-P11257914-P11683214.pdf,06/30/2022,11/28/2022,ST LOUIS UNIVERSITY/US
60636ANS,Annual Financial Information and Operating Data,Annual Audited Financials and Official Statement Updates for the year ended 06/30/2022 Document2 (673 KB),https://emma.msrb.org/P11632867-P11257914-P11683215.pdf,06/30/2022,11/28/2022,ST LOUIS UNIVERSITY/US
6460666J,,Official Statement - SUPPLEMENT NJEFA 2020 SER A GREEN BONDS.pdf (1.5 MB),https://emma.msrb.org/RE1327522-RE1034317-RE1441706.pdf,,04/09/2020,STEVENS INSTITUTE OF TECHNOLOGY
6460666J,,Official Statement - FINAL OS NEW JERSEY ED FAC AUTH 2020 SER A.pdf (1.5 MB),https://emma.msrb.org/RE1327522-ER1024387-ER1430704.pdf,,02/24/2020,STEVENS INSTITUTE OF TECHNOLOGY
6460666J,,Annual Financial Disclosures Posted 12/11/2024 for the year ended 06/30/2024 (216 KB),https://emma.msrb.org/P21870185-P21430712-P21875325.pdf,,Details,STEVENS INSTITUTE OF TECHNOLOGY
6460666J,,Audited Financial Statements Posted 12/11/2024 for the year ended 06/30/2024 (626 KB),https://emma.msrb.org/P21870184-P21430711-P21875324.pdf,,Details,STEVENS INSTITUTE OF TECHNOLOGY
6460666J,Annual Financial Information and Operating Data,Annual Report for the year ended 06/30/2024 (216 KB),https://emma.msrb.org/P21870185-P21430712-P21875325.pdf,06/30/2024,12/11/2024,STEVENS INSTITUTE OF TECHNOLOGY
6460666J,Annual Financial Information and Operating Data,Stevens Institute of Technology for the year ended 06/30/2023 (214 KB),https://emma.msrb.org/P11710693-P11314881-P11747030.pdf,06/30/2023,12/12/2023,STEVENS INSTITUTE OF TECHNOLOGY
6460666J,Annual Financial Information and Operating Data,Audited Annual Financial Statement and Continuing Disclosure Report for the year ended 06/30/2022 Document1 (234 KB),https://emma.msrb.org/P11637939-P11261520-P11687315.pdf,06/30/2022,12/13/2022,STEVENS INSTITUTE OF TECHNOLOGY
6460666J,Annual Financial Information and Operating Data,Audited Annual Financial Statement and Continuing Disclosure Report for the year ended 06/30/2022 Document2 (7.8 MB),https://emma.msrb.org/P11637939-P11261520-P11687316.pdf,06/30/2022,12/13/2022,STEVENS INSTITUTE OF TECHNOLOGY
6460666J,Audited Financial Statements or ACFR,Audit Financial Statement for the year ended 06/30/2024 (626 KB),https://emma.msrb.org/P21870184-P21430711-P21875324.pdf,06/30/2024,12/11/2024,STEVENS INSTITUTE OF TECHNOLOGY
6460666J,Audited Financial Statements or ACFR,Stevens Institute of Technology for the year ended 06/30/2023 (465 KB),https://emma.msrb.org/P11710692-P11314880-P11747029.pdf,06/30/2023,12/12/2023,STEVENS INSTITUTE OF TECHNOLOGY
646066L6,,Official Statement - FINAL NJ ED FAC AUTH STEVENS INST TECH 2017 SERA OS.pdf (1.3 MB),https://emma.msrb.org/EP984327-EP763389-EP1165169.pdf,,03/06/2017,STEVENS INSTITUTE OF TECHNOLOGY INTERNATIONAL INC
646066L6,,Annual Financial Disclosures Posted 12/11/2024 for the year ended 06/30/2024 (216 KB),https://emma.msrb.org/P21870185-P21430712-P21875325.pdf,,Details,STEVENS INSTITUTE OF TECHNOLOGY INTERNATIONAL INC
646066L6,,Audited Financial Statements Posted 12/11/2024 for the year ended 06/30/2024 (626 KB),https://emma.msrb.org/P21870184-P21430711-P21875324.pdf,,Details,STEVENS INSTITUTE OF TECHNOLOGY INTERNATIONAL INC
646066L6,Annual Financial Information and Operating Data,Annual Report for the year ended 06/30/2024 (216 KB),https://emma.msrb.org/P21870185-P21430712-P21875325.pdf,06/30/2024,12/11/2024,STEVENS INSTITUTE OF TECHNOLOGY INTERNATIONAL INC
646066L6,Annual Financial Information and Operating Data,Stevens Institute of Technology for the year ended 06/30/2023 (214 KB),https://emma.msrb.org/P11710693-P11314881-P11747030.pdf,06/30/2023,12/12/2023,STEVENS INSTITUTE OF TECHNOLOGY INTERNATIONAL INC
646066L6,Annual Financial Information and Operating Data,Audited Annual Financial Statement and Continuing Disclosure Report for the year ended 06/30/2022 Document1 (234 KB),https://emma.msrb.org/P11637939-P11261520-P11687315.pdf,06/30/2022,12/13/2022,STEVENS INSTITUTE OF TECHNOLOGY INTERNATIONAL INC
646066L6,Annual Financial Information and Operating Data,Audited Annual Financial Statement and Continuing Disclosure Report for the year ended 06/30/2022 Document2 (7.8 MB),https://emma.msrb.org/P11637939-P11261520-P11687316.pdf,06/30/2022,12/13/2022,STEVENS INSTITUTE OF TECHNOLOGY INTERNATIONAL INC
646066L6,Audited Financial Statements or ACFR,Audit Financial Statement for the year ended 06/30/2024 (626 KB),https://emma.msrb.org/P21870184-P21430711-P21875324.pdf,06/30/2024,12/11/2024,STEVENS INSTITUTE OF TECHNOLOGY INTERNATIONAL INC
646066L6,Audited Financial Statements or ACFR,Stevens Institute of Technology for the year ended 06/30/2023 (465 KB),https://emma.msrb.org/P11710692-P11314880-P11747029.pdf,06/30/2023,12/12/2023,STEVENS INSTITUTE OF TECHNOLOGY INTERNATIONAL INC
57421CBU,,Official Statement - Official Statement (1.7 MB),https://emma.msrb.org/P31407821-P31094555-P31503801.pdf,,01/21/2021,STEVENSON UNIVERSITY INC
57421CBU,Financial Obligation - Incurrence or Agreement,"Notice of Incurrence of Financial Obligation As Of May 23, 2024 as of 05/23/2024 (1.6 MB)",https://emma.msrb.org/P21816475-P21393152-P21834083.pdf,05/23/2024,05/30/2024,STEVENSON UNIVERSITY INC
57421CBU,,Interim Financial Disclosures Posted 12/17/2024 (3 MB),https://emma.msrb.org/P21871957-P21431940-P21876802.pdf,,Details,STEVENSON UNIVERSITY INC
57421CBU,,Annual Financial Disclosures Posted 12/11/2024 for the year ended 06/30/2024 (196 KB),https://emma.msrb.org/P21870783-P21431172-P21875933.pdf,,Details,STEVENSON UNIVERSITY INC
57421CBU,,Audited Financial Statements Posted 12/11/2024 for the year ended 06/30/2024 (348 KB),https://emma.msrb.org/P21870775-P21431166-P21875922.pdf,,Details,STEVENSON UNIVERSITY INC
57421CBU,Budget,2025 Final Budget for the year ended 06/30/2025 (125 KB),https://emma.msrb.org/P21872258-P21432188-P21877103.pdf,06/30/2025,12/17/2024,STEVENSON UNIVERSITY INC
57421CBU,Budget,2025 Preliminary Budget for the year ended 06/30/2025 (119 KB),https://emma.msrb.org/P11786415-P11370863-P11808679.pdf,06/30/2025,08/30/2024,STEVENSON UNIVERSITY INC
57421CBU,Budget,2024 Final Operating Budget for the year ended 06/30/2024 (119 KB),https://emma.msrb.org/P11720116-P11322115-P11755388.pdf,06/30/2024,01/08/2024,STEVENSON UNIVERSITY INC
57421CBU,Budget,2024 Preliminary Operating Budget for the year ended 06/30/2024 (120 KB),https://emma.msrb.org/P11700527-P11307604-P11738951.pdf,06/30/2024,09/26/2023,STEVENSON UNIVERSITY INC
57421CBU,Budget,2023 Final Budget for the year ended 06/30/2023 (341 KB),https://emma.msrb.org/P21647928-P21268230-P21695000.pdf,06/30/2023,01/17/2023,STEVENSON UNIVERSITY INC
57421CBU,Budget,2023 Preliminary Budget for the year ended 06/30/2023 (83 KB),https://emma.msrb.org/P11620761-P11249315-P11673721.pdf,06/30/2023,09/14/2022,STEVENSON UNIVERSITY INC
57421CBU,Other Financial / Operating Data,2024 Annual Compliance Certificate (EagleBank) for the year ended 06/30/2024 (3 MB),https://emma.msrb.org/P21871957-P21431940-P21876802.pdf,06/30/2024,12/17/2024,STEVENSON UNIVERSITY INC
57421CBU,Other Financial / Operating Data,2024 Annual Compliance Certificate for the year ended 06/30/2024 (2.8 MB),https://emma.msrb.org/P21871226-P21431469-P21876255.pdf,06/30/2024,12/16/2024,STEVENSON UNIVERSITY INC
57421CBU,Other Financial / Operating Data,2022 Annual Compliance Certificate for the year ended 06/30/2022 (412 KB),https://emma.msrb.org/P11642257-P11264828-P11691144.pdf,06/30/2022,12/19/2022,STEVENSON UNIVERSITY INC
57421CBU,Annual Financial Information and Operating Data,2024 Operating Data for the year ended 06/30/2024 (196 KB),https://emma.msrb.org/P21870783-P21431172-P21875933.pdf,06/30/2024,12/11/2024,STEVENSON UNIVERSITY INC
57421CBU,Annual Financial Information and Operating Data,2023 Operating Data for the year ended 06/30/2023 (171 KB),https://emma.msrb.org/P11714268-P11317492-P11749995.pdf,06/30/2023,12/18/2023,STEVENSON UNIVERSITY INC
57421CBU,Annual Financial Information and Operating Data,2022 Operating Data for the year ended 06/30/2022 (171 KB),https://emma.msrb.org/P11638529-P11261997-P11687868.pdf,06/30/2022,12/14/2022,STEVENSON UNIVERSITY INC
57421CBU,Audited Financial Statements or ACFR,2024 Audited Financial Statements for the year ended 06/30/2024 (348 KB),https://emma.msrb.org/P21870775-P21431166-P21875922.pdf,06/30/2024,12/11/2024,STEVENSON UNIVERSITY INC
57421CBU,Audited Financial Statements or ACFR,2023 Audited Financial Statements for the year ended 06/30/2023 (765 KB),https://emma.msrb.org/P21756351-P21348343-P21783826.pdf,06/30/2023,12/06/2023,STEVENSON UNIVERSITY INC
57421CBU,Audited Financial Statements or ACFR,2022 Audited Financial Statements for the year ended 06/30/2022 (274 KB),https://emma.msrb.org/P11638622-P11262065-P11687947.pdf,06/30/2022,12/14/2022,STEVENSON UNIVERSITY INC
88213ASB,,Official Statement - OS - BOARD OF REGENTS OF THE TEXAS A&M (1.8 MB),https://emma.msrb.org/P21448223-P21124170-P21535865.pdf,,03/19/2021,TEXAS A&M UNIVERSITY
88213ASB,Other Event-based Disclosures,Voluntary Disclosure_The Texas A&M University System Chancellor Retirement Announcement dated 07/05/2024 (184 KB),https://emma.msrb.org/P21827750-P21401012-P21842699.pdf,07/05/2024,07/05/2024,TEXAS A&M UNIVERSITY
88213ASB,,Annual Financial Disclosures Posted 02/21/2025 for the year ended 08/31/2024 (2.3 MB),https://emma.msrb.org/P21898799-P21452091-P21899985.pdf,,Details,TEXAS A&M UNIVERSITY
88213ASB,Annual Financial Information and Operating Data,FY 2024 Continuing Disclosure Annual Report for the year ended 08/31/2024 (2.3 MB),https://emma.msrb.org/P21898799-P21452091-P21899985.pdf,08/31/2024,02/21/2025,TEXAS A&M UNIVERSITY
88213ASB,Annual Financial Information and Operating Data,Texas A&M University System Unaudited Annual Financial Reports for the year ended 08/31/2024 (2 MB),https://emma.msrb.org/P11810302-P11387711-P11827368.pdf,08/31/2024,11/25/2024,TEXAS A&M UNIVERSITY
88213ASB,Annual Financial Information and Operating Data,FY 2023 Continuing Disclosure Annual Report for the year ended 08/31/2023 (3.2 MB),https://emma.msrb.org/P21779371-P21366023-P21804142.pdf,08/31/2023,02/22/2024,TEXAS A&M UNIVERSITY
88213ASB,Annual Financial Information and Operating Data,Texas A&M University System Unaudited Annual Financial Reports for the year ended 08/31/2023 (3 MB),https://emma.msrb.org/P11705712-P11311412-P11743178.pdf,08/31/2023,11/27/2023,TEXAS A&M UNIVERSITY
88213ASB,Annual Financial Information and Operating Data,FY2022 Continuing Disclosure Annual Report for the year ended 08/31/2022 (2.4 MB),https://emma.msrb.org/P21669314-P21282774-P21713986.pdf,08/31/2022,02/24/2023,TEXAS A&M UNIVERSITY
88213ASB,Annual Financial Information and Operating Data,The Texas A&M University System Unaudited Annual Financial Report for the year ended 08/31/2022 (2 MB),https://emma.msrb.org/P21638428-P21261345-P21687324.pdf,08/31/2022,11/29/2022,TEXAS A&M UNIVERSITY
88213ASB,Annual Financial Information and Operating Data,FY2021 Continuing Disclosure Annual Report for the year ended 08/31/2021 (1.7 MB),https://emma.msrb.org/P11567982-P11210537-P11630526.pdf,08/31/2021,02/21/2022,TEXAS A&M UNIVERSITY
91417NKS,,Official Statement - UNIV OF COLORADO ENTERPRISE REV AND REF BDS 2025AB FOS (2 MB),https://emma.msrb.org/P11820733-P11395426-P11836041.pdf,,01/24/2025,UNIVERSITY OF COLORADO
91417NKS,,Interim Financial Disclosures Posted 05/12/2025 (127 KB),https://emma.msrb.org/P11849302-P11416436-P11859500.pdf,,Details,UNIVERSITY OF COLORADO
91417NKS,,Annual Financial Disclosures Posted 03/20/2025 for the year ended 06/30/2024 (278 KB),https://emma.msrb.org/P21915816-P21464707-P21913817.pdf,,Details,UNIVERSITY OF COLORADO
91417NKS,"Information Provided to Rating Agency, Credit / Liquidity Provider or Other Third Party",Self Liquidity Worksheet as of 03/31/2025 (127 KB),https://emma.msrb.org/P11849302-P11416436-P11859500.pdf,03/31/2025,05/12/2025,UNIVERSITY OF COLORADO
91417NKS,"Information Provided to Rating Agency, Credit / Liquidity Provider or Other Third Party",Self-Liquidity December 2024 as of 12/31/2025 (127 KB),https://emma.msrb.org/P21900429-P21453411-P21901504.pdf,12/31/2025,02/25/2025,UNIVERSITY OF COLORADO
91417NKS,Annual Financial Information and Operating Data,"Financial and Operating Data, Fiscal Year 2024 for the year ended 06/30/2024 (278 KB)",https://emma.msrb.org/P21915816-P21464707-P21913817.pdf,06/30/2024,03/20/2025,UNIVERSITY OF COLORADO
